{
	"format_version": "1.8.0",
	"animations": {
		"animation.coffee_spider.walk": {
			"loop": true,
			"animation_length": 0.91667,
			"bones": {
				"leg_left": {
					"rotation": {
						"0.0": {
							"vector": [-43.8455, 12.69019, -51.34816]
						},
						"0.4583": {
							"vector": [-5.57691, -0.21964, -5.69727],
							"easing": "linear"
						},
						"0.7083": {
							"vector": [-17.68318, 8.95565, -18.61294],
							"easing": "linear"
						},
						"0.9167": {
							"vector": [-43.85, 12.69, -51.35]
						}
					}
				},
				"leg_2": {
					"rotation": {
						"0.0": {
							"vector": [0, 0, 47.5]
						},
						"0.4583": {
							"vector": [0, 0, 7.5],
							"easing": "linear"
						},
						"0.7083": {
							"vector": [0, 0, 35],
							"easing": "linear"
						},
						"0.9167": {
							"vector": [0, 0, 47.5]
						}
					}
				},
				"leg_3": {
					"rotation": {
						"0.0": {
							"vector": [0, 0, 7.5]
						},
						"0.4583": {
							"vector": [0, 0, -7.5],
							"easing": "linear"
						},
						"0.7083": {
							"vector": [0, 0, 7.5],
							"easing": "linear"
						},
						"0.9167": {
							"vector": [0, 0, 7.5]
						}
					}
				},
				"leg_left4": {
					"rotation": {
						"0.0": {
							"vector": [5.93466, 22.90031, -6.88414]
						},
						"0.4583": {
							"vector": [27.587, -9.57843, -40.91322],
							"easing": "linear"
						},
						"0.7083": {
							"vector": [12.82022, 4.10049, -13.46071],
							"easing": "linear"
						},
						"0.9167": {
							"vector": [5.93466, 22.90031, -6.88414]
						}
					}
				},
				"leg_left2": {
					"rotation": {
						"0.0": {
							"vector": [-11.98, 2.8, -21.16]
						},
						"0.1667": {
							"vector": [-9.35383, -3.27053, -13.56209]
						},
						"0.2917": {
							"vector": [-9.57217, 4.67472, -11.03677]
						},
						"0.625": {
							"vector": [-17.23442, 14.94169, -36.33914]
						},
						"0.75": {
							"vector": [-14.61, 8.87, -28.75]
						},
						"0.9167": {
							"vector": [-11.98, 2.8, -21.16]
						}
					}
				},
				"leg_4": {
					"rotation": {
						"0.0": {
							"vector": [0, 0, 28.34]
						},
						"0.1667": {
							"vector": [0, 0, 17.5]
						},
						"0.2917": {
							"vector": [0, 0, 28.33]
						},
						"0.625": {
							"vector": [0, 0, 50]
						},
						"0.75": {
							"vector": [0, 0, 39.17]
						},
						"0.9167": {
							"vector": [0, 0, 28.34]
						}
					}
				},
				"leg_5": {
					"rotation": {
						"0.0": {
							"vector": [-1.56, -1.1, 1.84]
						},
						"0.1667": {
							"vector": [-2.34801, -1.65381, -2.23069]
						},
						"0.2917": {
							"vector": [-1.57, -1.1, 1.85]
						},
						"0.625": {
							"vector": [0, 0, 10]
						},
						"0.75": {
							"vector": [-0.78, -0.55, 5.92]
						},
						"0.9167": {
							"vector": [-1.56, -1.1, 1.84]
						}
					}
				},
				"leg_left3": {
					"rotation": {
						"0.0": {
							"vector": [4.63771, -3.59313, -7.08502]
						},
						"0.25": {
							"vector": [0.58384, 11.34025, -13.0704]
						},
						"0.4583": {
							"vector": [-5.02782, 26.30759, -29.17626]
						},
						"0.9167": {
							"vector": [4.95029, -3.34235, -10.09081]
						}
					}
				},
				"leg_6": {
					"rotation": {
						"0.0": {
							"vector": [0, 0, 10]
						},
						"0.25": {
							"vector": [0, 0, 30]
						},
						"0.4583": {
							"vector": [0, 0, 35]
						},
						"0.9167": {
							"vector": [0, 0, 10]
						}
					}
				},
				"leg_7": {
					"rotation": {
						"0.0": {
							"vector": [0, 0, -10]
						},
						"0.25": {
							"vector": [0, 0, 6.25]
						},
						"0.4583": {
							"vector": [0, 0, 17.5]
						},
						"0.9167": {
							"vector": [0, 0, -8]
						}
					}
				},
				"leg_14": {
					"rotation": {
						"0.0": {
							"vector": [0, 0, 12.5]
						},
						"0.4583": {
							"vector": [0, 0, 47.5],
							"easing": "linear"
						},
						"0.7083": {
							"vector": [0, 0, 35],
							"easing": "linear"
						},
						"0.9167": {
							"vector": [0, 0, 12.5]
						}
					}
				},
				"leg_15": {
					"rotation": {
						"0.0": {
							"vector": [0, 0, -10]
						},
						"0.4583": {
							"vector": [0, 0, 12.5],
							"easing": "linear"
						},
						"0.7083": {
							"vector": [0, 0, 8.75],
							"easing": "linear"
						},
						"0.9167": {
							"vector": [0, 0, -10]
						}
					}
				},
				"leg_right": {
					"rotation": {
						"0.0": {
							"vector": [-167.67616, -115.21274, -173.53738]
						},
						"0.25": {
							"vector": [-163.40261, -94.00998, -170.10356],
							"easing": "linear"
						},
						"0.4583": {
							"vector": [-134.09381, -86.57417, -125.93461],
							"easing": "linear"
						},
						"0.9167": {
							"vector": [-167.67616, -115.21274, -173.53738]
						}
					}
				},
				"leg_8": {
					"rotation": {
						"0.0": {
							"vector": [0, 0, 2.5]
						},
						"0.25": {
							"vector": [0, 0, 26.25],
							"easing": "linear"
						},
						"0.4583": {
							"vector": [0, 0, 40],
							"easing": "linear"
						},
						"0.9167": {
							"vector": [0, 0, 2.5]
						}
					}
				},
				"leg_9": {
					"rotation": {
						"0.0": {
							"vector": [0, 0, 10]
						},
						"0.25": {
							"vector": [0, 0, 21.25],
							"easing": "linear"
						},
						"0.4583": {
							"vector": [0, 0, 22.5],
							"easing": "linear"
						},
						"0.9167": {
							"vector": [0, 0, 10]
						}
					}
				},
				"leg_right2": {
					"rotation": {
						"0.0": {
							"vector": [-167.45293, -148.67057, -145.41141]
						},
						"0.4583": {
							"vector": [-174.88277, -175.19583, -171.7671]
						},
						"0.7083": {
							"vector": [-172.96411, -153.42607, -165.56383]
						},
						"0.9167": {
							"vector": [-167.45293, -148.67057, -145.41141]
						}
					}
				},
				"leg_10": {
					"rotation": {
						"0.0": {
							"vector": [0, 0, 45]
						},
						"0.4583": {
							"vector": [0, 0, 10]
						},
						"0.7083": {
							"vector": [0, 0, 30]
						},
						"0.9167": {
							"vector": [0, 0, 45]
						}
					}
				},
				"leg_11": {
					"rotation": {
						"0.0": {
							"vector": [0, 0, 17.5]
						},
						"0.4583": {
							"vector": [0, 0, 2.5]
						},
						"0.7083": {
							"vector": [0, 0, 5]
						},
						"0.9167": {
							"vector": [0, 0, 17.5]
						}
					}
				},
				"leg_right3": {
					"rotation": {
						"0.0": {
							"vector": [162.34, 156.26, -148.26]
						},
						"0.1667": {
							"vector": [156.91342, 150.43193, -136.871]
						},
						"0.2917": {
							"vector": [165.29401, 154.16201, -156.05044]
						},
						"0.4583": {
							"vector": [169.15831, 161.07898, -164.75437]
						},
						"0.625": {
							"vector": [173.18595, 167.91053, -171.05058]
						},
						"0.9167": {
							"vector": [162.34, 156.26, -148.26]
						}
					}
				},
				"leg_12": {
					"rotation": {
						"0.0": {
							"vector": [0, 0, 36.67]
						},
						"0.1667": {
							"vector": [0, 0, 52.5]
						},
						"0.4583": {
							"vector": [0, 0, 20.83]
						},
						"0.625": {
							"vector": [0, 0, 5]
						},
						"0.9167": {
							"vector": [0, 0, 36.67]
						}
					}
				},
				"leg_13": {
					"rotation": {
						"0.0": {
							"vector": [0, 0, 12.5]
						},
						"0.1667": {
							"vector": [0, 0, 17.5]
						},
						"0.4583": {
							"vector": [0, 0, 7.5]
						},
						"0.625": {
							"vector": [0, 0, 2.5]
						},
						"0.9167": {
							"vector": [0, 0, 12.5]
						}
					}
				},
				"leg_right4": {
					"rotation": {
						"0.0": {
							"vector": [155.73187, 119.67182, -140.25186]
						},
						"0.25": {
							"vector": [172.93353, 121.87444, -170.09947]
						},
						"0.4583": {
							"vector": [178.83476, 127.52543, -177.24194]
						},
						"0.9167": {
							"vector": [155.73187, 119.67182, -140.25186]
						}
					}
				},
				"leg_16": {
					"rotation": {
						"0.0": {
							"vector": [0, 0, 50]
						},